Model,time,uptime,CPU1,CPU2,CPU3,CPU4,CPU5,CPU6,RAM,SWAP,EMC,GPU,APE,NVDEC,NVJPG,NVJPG1,OFA,SE,VIC,Fan pwmfan0,Temp cpu,Temp cv0,Temp cv1,Temp cv2,Temp gpu,Temp soc0,Temp soc1,Temp soc2,Temp tj,Power VDD_CPU_GPU_CV,Power VDD_SOC,Power TOT,jetson_clocks,nvp model
Mobilenetv3,2024-11-11T21:00:33.471332,05:47:23,4,3,7,27,13,28,0.3341557777790309,0.006233711,0,0,OFF,OFF,OFF,OFF,OFF,OFF,OFF,17.254901960784313,43.343,-256,-256,-256,43.5,41.406,41.781,43.312,43.5,798,1118,3800,OFF,15W
Mobilenetv3,2024-11-11T21:00:34.475976,05:47:24,3,5,5,2,4,1,0.3344141480266716,0.006233711,0,0,OFF,OFF,OFF,OFF,OFF,OFF,OFF,17.254901960784313,43.187,-256,-256,-256,43.312,41.468,41.875,43.375,43.375,600,1080,3325,OFF,15W
Mobilenetv3,2024-11-11T21:00:35.476272,05:47:25,9,4,3,7,2,3,0.3344777153098213,0.006233711,0,0,OFF,OFF,OFF,OFF,OFF,OFF,OFF,17.254901960784313,43.187,-256,-256,-256,43.25,41.406,41.937,43.375,43.375,560,1081,3325,OFF,15W
Mobilenetv3,2024-11-11T21:00:36.472757,05:47:26,4,4,8,3,3,2,0.3347683818384171,0.006233711,0,0,OFF,OFF,OFF,OFF,OFF,OFF,OFF,17.254901960784313,43.5,-256,-256,-256,43.375,41.468,41.843,43.343,43.375,560,1080,3285,OFF,15W
Mobilenetv3,2024-11-11T21:00:37.470110,05:47:27,4,5,9,3,0,2,0.3348329744003273,0.006233711,0,0,OFF,OFF,OFF,OFF,OFF,OFF,OFF,17.254901960784313,43.375,-256,-256,-256,43.281,41.562,41.875,43.437,43.437,560,1080,3285,OFF,15W
Mobilenetv3,2024-11-11T21:00:38.513730,05:47:28,29,23,16,4,2,3,0.347594106,0.006233711,0,0,OFF,OFF,OFF,OFF,OFF,OFF,OFF,17.254901960784313,43.343,-256,-256,-256,43.375,41.468,41.781,43.375,43.593,798,1158,3993,OFF,15W
Mobilenetv3,2024-11-11T21:00:39.430658,05:47:29,41,30,8,6,7,44,0.3580309316349249,0.006233711,0,14.7,OFF,OFF,OFF,OFF,OFF,OFF,OFF,17.254901960784313,43.562,-256,-256,-256,43.562,41.375,41.937,43.406,43.562,1346,1349,4801,OFF,15W
Mobilenetv3,2024-11-11T21:00:40.433840,05:47:30,7,6,36,43,38,7,0.35815857884060454,0.006233711,0,22,OFF,OFF,OFF,OFF,OFF,OFF,OFF,17.254901960784313,43.812,-256,-256,-256,43.468,41.437,41.937,43.5,43.718,1465,1386,4960,OFF,15W
Mobilenetv3,2024-11-11T21:00:41.458495,05:47:31,48,56,12,13,8,15,0.3580319569136854,0.006233711,0,14.1,OFF,OFF,OFF,OFF,OFF,OFF,OFF,17.254901960784313,43.687,-256,-256,-256,43.5,41.562,41.906,43.625,43.781,1426,1386,4920,OFF,15W
Mobilenetv3,2024-11-11T21:00:42.447054,05:47:32,98,7,10,9,10,8,0.3580816829335686,0.006233711,0,19,OFF,OFF,OFF,OFF,OFF,OFF,OFF,17.254901960784313,43.718,-256,-256,-256,43.937,41.468,41.906,43.468,43.937,1426,1386,4920,OFF,15W
Mobilenetv3,2024-11-11T21:00:43.451535,05:47:33,99,11,14,13,12,9,0.35814422493795783,0.006233711,0,18.9,OFF,OFF,OFF,OFF,OFF,OFF,OFF,17.254901960784313,43.843,-256,-256,-256,43.625,41.656,41.875,43.656,43.843,1426,1386,4960,OFF,15W
Mobilenetv3,2024-11-11T21:00:44.448667,05:47:34,82,28,14,11,8,14,0.3582482907321464,0.006233711,0,26.8,OFF,OFF,OFF,OFF,OFF,OFF,OFF,17.254901960784313,43.718,-256,-256,-256,43.687,41.593,41.875,43.687,43.718,1426,1386,4960,OFF,15W
Mobilenetv3,2024-11-11T21:00:45.450946,05:47:35,28,78,16,12,12,12,0.3582903271613261,0.006233711,0,19.2,OFF,OFF,OFF,OFF,OFF,OFF,OFF,17.254901960784313,43.75,-256,-256,-256,43.625,41.593,42.218,43.656,43.75,1465,1386,4960,OFF,15W
Mobilenetv3,2024-11-11T21:00:46.450275,05:47:36,26,84,14,10,14,12,0.3582893018825656,0.006233711,0,31.1,OFF,OFF,OFF,OFF,OFF,OFF,OFF,17.254901960784313,43.75,-256,-256,-256,43.875,41.5,42.062,43.843,43.875,1426,1386,4960,OFF,15W
Mobilenetv3,2024-11-11T21:00:47.443234,05:47:37,99,12,12,10,13,12,0.35828776396442485,0.006233711,0,17.4,OFF,OFF,OFF,OFF,OFF,OFF,OFF,17.254901960784313,43.843,-256,-256,-256,43.875,41.625,41.937,43.75,43.843,1426,1386,4960,OFF,15W
Mobilenetv3,2024-11-11T21:00:48.444723,05:47:38,56,50,10,12,7,9,0.3584154111701045,0.006233711,0,9.1,OFF,OFF,OFF,OFF,OFF,OFF,OFF,17.254901960784313,43.781,-256,-256,-256,43.968,41.625,42.187,43.75,43.968,1426,1386,4960,OFF,15W
Mobilenetv3,2024-11-11T21:00:49.457121,05:47:39,95,16,9,10,11,11,0.35857279145983806,0.006233711,0,27.9,OFF,OFF,OFF,OFF,OFF,OFF,OFF,17.254901960784313,43.968,-256,-256,-256,43.843,41.718,42.156,43.781,43.968,1426,1386,4960,OFF,15W
Mobilenetv3,2024-11-11T21:00:50.456562,05:47:40,94,12,11,9,9,11,0.35857176618107756,0.006233711,0,18.3,OFF,OFF,OFF,OFF,OFF,OFF,OFF,20,43.906,-256,-256,-256,44.093,41.781,42.093,43.843,44.156,1426,1386,4960,OFF,15W
Mobilenetv3,2024-11-11T21:00:51.440284,05:47:41,11,9,6,93,6,9,0.3586020119045117,0.006233711,0,30,OFF,OFF,OFF,OFF,OFF,OFF,OFF,20,44.156,-256,-256,-256,43.718,41.843,42.156,43.812,44.156,1465,1386,4999,OFF,15W
Mobilenetv3,2024-11-11T21:00:52.443147,05:47:42,6,6,90,10,11,12,0.35831698440909854,0.006233711,0,25.7,OFF,OFF,OFF,OFF,OFF,OFF,OFF,20,44.156,-256,-256,-256,43.812,41.875,42.156,43.906,44.156,1426,1386,4999,OFF,15W
Mobilenetv3,2024-11-11T21:00:53.443959,05:47:43,6,6,20,8,6,87,0.3583733747409249,0.006233711,0,16.9,OFF,OFF,OFF,OFF,OFF,OFF,OFF,20,44.218,-256,-256,-256,43.781,41.843,42.093,43.843,44.218,1465,1386,4960,OFF,15W
Mobilenetv3,2024-11-11T21:00:54.446650,05:47:44,8,6,86,23,6,6,0.35840413310373925,0.006233711,0,30.6,OFF,OFF,OFF,OFF,OFF,OFF,OFF,20,44.218,-256,-256,-256,43.781,41.812,42.187,43.937,44.218,1465,1386,4999,OFF,15W
Mobilenetv3,2024-11-11T21:00:55.446941,05:47:45,57,11,42,14,13,10,0.35849999666784405,0.006233711,0,22,OFF,OFF,OFF,OFF,OFF,OFF,OFF,20,44.156,-256,-256,-256,44,41.718,42.093,43.906,44.156,1465,1386,4999,OFF,15W
Mobilenetv3,2024-11-11T21:00:56.519215,05:47:46,53,8,13,6,26,30,0.3584979461103231,0.006233711,0,0,OFF,OFF,OFF,OFF,OFF,OFF,OFF,20,43.718,-256,-256,-256,44.125,41.718,42.125,43.843,43.843,1232,1351,4610,OFF,15W
Mobilenetv3,2024-11-11T21:00:57.527265,05:47:47,4,0,11,3,5,5,0.35849640819218237,0.006233711,0,0,OFF,OFF,OFF,OFF,OFF,OFF,OFF,20,43.906,-256,-256,-256,43.625,41.875,42.093,43.781,43.781,640,1080,3439,OFF,15W
Mobilenetv3,2024-11-11T21:00:58.533403,05:47:48,2,2,3,8,6,4,0.3585881706412452,0.006233711,0,0,OFF,OFF,OFF,OFF,OFF,OFF,OFF,20,43.5,-256,-256,-256,43.562,41.718,42.125,43.75,43.75,560,1041,3285,OFF,15W
Mobilenetv3,2024-11-11T21:00:59.526920,05:47:49,0,0,4,7,5,5,0.35858714536248476,0.006233711,0,0,OFF,OFF,OFF,OFF,OFF,OFF,OFF,20,43.656,-256,-256,-256,43.843,41.843,42.062,43.718,43.843,560,1041,3285,OFF,15W
Mobilenetv3,2024-11-11T21:01:00.493359,05:47:50,3,2,3,8,5,5,0.35858714536248476,0.006233711,0,0,OFF,OFF,OFF,OFF,OFF,OFF,OFF,20,43.781,-256,-256,-256,43.593,41.718,42.062,43.687,43.781,560,1080,3285,OFF,15W
Mobilenetv3,2024-11-11T21:01:01.486278,05:47:51,4,4,3,7,0,4,0.3584241260395686,0.006233711,0,0,OFF,OFF,OFF,OFF,OFF,OFF,OFF,20,43.625,-256,-256,-256,43.781,41.593,42.218,43.593,43.656,560,1040,3285,OFF,15W
Mobilenetv3,2024-11-11T21:01:02.535540,05:47:52,2,4,3,6,2,3,0.35819753943350274,0.006233711,0,0,OFF,OFF,OFF,OFF,OFF,OFF,OFF,17.254901960784313,43.562,-256,-256,-256,43.531,41.843,42.125,43.593,43.875,560,1041,3285,OFF,15W
Mobilenetv3,2024-11-11T21:01:03.496621,05:47:53,2,4,3,6,5,2,0.35797095282743685,0.006233711,0,0,OFF,OFF,OFF,OFF,OFF,OFF,OFF,17.254901960784313,43.468,-256,-256,-256,43.937,41.718,42.031,43.625,43.937,560,1040,3285,OFF,15W
Mobilenetv3,2024-11-11T21:01:04.501095,05:47:54,3,4,4,8,2,2,0.3580673290309219,0.006233711,0,0,OFF,OFF,OFF,OFF,OFF,OFF,OFF,17.254901960784313,43.468,-256,-256,-256,43.656,41.781,42,43.656,43.656,560,1080,3325,OFF,15W
Mobilenetv3,2024-11-11T21:01:05.510405,05:47:55,9,3,8,2,1,4,0.3579689022699159,0.006233711,0,0,OFF,OFF,OFF,OFF,OFF,OFF,OFF,17.254901960784313,43.812,-256,-256,-256,43.468,41.781,42.031,43.625,43.812,560,1080,3325,OFF,15W
Mobilenetv3,2024-11-11T21:01:06.537008,05:47:56,5,3,5,8,3,3,0.3580283684380237,0.006233711,0,0,OFF,OFF,OFF,OFF,OFF,OFF,OFF,17.254901960784313,43.343,-256,-256,-256,43.875,41.593,42.125,43.593,43.875,560,1041,3285,OFF,15W
Mobilenetv3,2024-11-11T21:01:07.522762,05:47:57,3,0,10,4,6,5,0.3580555383251764,0.006233711,0,0,OFF,OFF,OFF,OFF,OFF,OFF,OFF,17.254901960784313,43.562,-256,-256,-256,43.625,41.781,41.968,43.562,43.562,560,1080,3285,OFF,15W
Mobilenetv3,2024-11-11T21:01:08.520893,05:47:58,2,0,3,4,4,3,0.35814730077423923,0.006233711,0,0,OFF,OFF,OFF,OFF,OFF,OFF,OFF,20,43.375,-256,-256,-256,43.437,41.593,42,43.687,43.687,560,1080,3285,OFF,15W
Mobilenetv3,2024-11-11T21:01:09.527741,05:47:59,3,3,4,7,5,4,0.35817805913705364,0.006233711,0,0,OFF,OFF,OFF,OFF,OFF,OFF,OFF,20,43.343,-256,-256,-256,43.531,41.656,42,43.562,43.562,560,1080,3325,OFF,15W
Mobilenetv3,2024-11-11T21:01:10.546956,05:48:00,16,7,10,8,14,11,0.36058131255161635,0.006233711,0,0,OFF,OFF,OFF,OFF,OFF,OFF,OFF,17.254901960784313,43.718,-256,-256,-256,43.468,41.562,41.968,43.5,43.625,640,1080,3439,OFF,15W
Mobilenetv3,2024-11-11T21:01:11.527024,05:48:01,2,0,9,6,3,6,0.36031986646769426,0.006233711,0,0,OFF,OFF,OFF,OFF,OFF,OFF,OFF,17.254901960784313,43.531,-256,-256,-256,43.5,41.593,41.937,43.531,43.531,560,1080,3325,OFF,15W
Mobilenetv3,2024-11-11T21:01:12.534948,05:48:02,0,2,15,4,4,5,0.36035216274864934,0.006233711,0,0,OFF,OFF,OFF,OFF,OFF,OFF,OFF,17.254901960784313,43.406,-256,-256,-256,43.75,41.656,41.937,43.562,43.562,560,1080,3325,OFF,15W
Mobilenetv3,2024-11-11T21:01:13.519379,05:48:03,1,0,7,8,5,2,0.36035216274864934,0.006233711,0,0,OFF,OFF,OFF,OFF,OFF,OFF,OFF,17.254901960784313,43.468,-256,-256,-256,43.875,41.718,41.937,43.656,43.875,560,1080,3285,OFF,15W
Mobilenetv3,2024-11-11T21:01:14.511918,05:48:04,1,0,7,8,3,5,0.360319354,0.006233711,0,0,OFF,OFF,OFF,OFF,OFF,OFF,OFF,17.254901960784313,43.5,-256,-256,-256,43.531,41.625,41.937,43.562,43.562,560,1080,3285,OFF,15W
Mobilenetv3,2024-11-11T21:01:15.540242,05:48:05,1,0,6,6,2,10,0.3601578724235385,0.006233711,0,0,OFF,OFF,OFF,OFF,OFF,OFF,OFF,17.254901960784313,43.468,-256,-256,-256,43.875,41.812,41.968,43.593,43.875,600,1081,3325,OFF,15W
Mobilenetv3,2024-11-11T21:01:16.532281,05:48:06,3,2,6,10,4,6,0.36018914342573316,0.006233711,0,0,OFF,OFF,OFF,OFF,OFF,OFF,OFF,17.254901960784313,43.375,-256,-256,-256,43.625,41.718,41.968,43.625,43.843,600,1080,3325,OFF,15W
Mobilenetv3,2024-11-11T21:01:17.528512,05:48:07,0,0,3,5,6,7,0.36022143970668824,0.006233711,0,0,OFF,OFF,OFF,OFF,OFF,OFF,OFF,17.254901960784313,43.343,-256,-256,-256,43.625,41.656,41.968,43.531,43.625,560,1080,3285,OFF,15W
Mobilenetv3,2024-11-11T21:01:18.519245,05:48:08,0,0,5,3,5,6,0.3602532233482631,0.006233711,0,0,OFF,OFF,OFF,OFF,OFF,OFF,OFF,17.254901960784313,43.375,-256,-256,-256,43.656,41.593,41.843,43.5,43.656,560,1080,3285,OFF,15W
Mobilenetv3,2024-11-11T21:01:19.521058,05:48:09,0,0,4,7,5,1,0.3603818958327032,0.006233711,0,0,OFF,OFF,OFF,OFF,OFF,OFF,OFF,17.254901960784313,43.375,-256,-256,-256,43.468,41.468,42.187,43.468,43.687,560,1080,3285,OFF,15W
Mobilenetv3,2024-11-11T21:01:20.536531,05:48:10,2,1,4,3,7,8,0.36028449435045773,0.006233711,0,0,OFF,OFF,OFF,OFF,OFF,OFF,OFF,17.254901960784313,43.281,-256,-256,-256,43.625,41.562,41.937,43.531,43.625,560,1040,3285,OFF,15W
Mobilenetv3,2024-11-11T21:01:21.524945,05:48:11,2,1,5,5,5,8,0.3604490515915146,0.006233711,0,0,OFF,OFF,OFF,OFF,OFF,OFF,OFF,17.254901960784313,43.281,-256,-256,-256,43.468,41.875,42,43.593,43.593,560,1080,3285,OFF,15W
Mobilenetv3,2024-11-11T21:01:22.544032,05:48:12,0,0,4,7,4,2,0.3603101263194697,0.006233711,0,0,OFF,OFF,OFF,OFF,OFF,OFF,OFF,17.254901960784313,43.343,-256,-256,-256,43.406,41.562,41.937,43.437,43.593,560,1041,3285,OFF,15W
,,,,,,,,,,,,,,,,,,,,,,,,,,,,,,,,,,
,,,,,,,,,,,,,,,,,,,,,,,,,,,,,,,,,,
,,,,,,,,,,,,,,,,,,,,,,,,,,,,,,,,,,
Resnet-18,2024-11-11T20:51:07.836861,05:37:57,2,3,33,19,6,13,0.3042063599066791,0.006233711,0,33.3,OFF,OFF,OFF,OFF,OFF,OFF,OFF,18.823529411764707,43.531,-256,-256,-256,43.343,41.468,41.781,43.406,43.531,956,1196,4066,OFF,15W
Resnet-18,2024-11-11T20:51:08.852456,05:37:58,5,5,5,7,2,7,0.30156626709844575,0.006233711,0,0,OFF,OFF,OFF,OFF,OFF,OFF,OFF,18.823529411764707,43.5,-256,-256,-256,43.312,41.437,41.906,43.406,43.437,600,1080,3360,OFF,15W
Resnet-18,2024-11-11T20:51:09.870325,05:37:59,5,3,3,7,3,2,0.30169032582846367,0.006233711,0,0,OFF,OFF,OFF,OFF,OFF,OFF,OFF,18.823529411764707,43.343,-256,-256,-256,43.312,41.5,41.843,43.468,43.468,600,1080,3325,OFF,15W
Resnet-18,2024-11-11T20:51:10.868293,05:38:00,3,0,11,7,4,7,0.3016893005497032,0.006233711,0,0,OFF,OFF,OFF,OFF,OFF,OFF,OFF,18.823529411764707,43,-256,-256,-256,43.5,41.375,41.718,43.343,43.343,560,1040,3285,OFF,15W
Resnet-18,2024-11-11T20:51:11.874860,05:38:01,2,0,5,4,5,7,0.30166520649883194,0.006233711,0,0,OFF,OFF,OFF,OFF,OFF,OFF,OFF,18.823529411764707,43.218,-256,-256,-256,43.343,41.468,41.843,43.312,43.343,560,1080,3325,OFF,15W
Resnet-18,2024-11-11T20:51:12.866768,05:38:02,6,4,8,16,7,7,0.30104645076688286,0.006233711,0,5,OFF,OFF,OFF,OFF,OFF,OFF,OFF,18.823529411764707,43.25,-256,-256,-256,43.593,41.406,41.875,43.375,43.375,640,1080,3520,OFF,15W
Resnet-18,2024-11-11T20:51:13.871322,05:38:03,18,16,27,26,5,34,0.3009244425943859,0.006233711,0,7.8,OFF,OFF,OFF,OFF,OFF,OFF,OFF,18.823529411764707,43.625,-256,-256,-256,43.593,41.312,41.937,43.468,43.625,680,1080,3840,OFF,15W
Resnet-18,2024-11-11T20:51:14.877116,05:38:04,63,43,5,10,4,8,0.30828799465214596,0.006233711,0,2.4,OFF,OFF,OFF,OFF,OFF,OFF,OFF,18.823529411764707,43.218,-256,-256,-256,43.281,41.312,41.718,43.375,43.375,680,1080,3840,OFF,15W
Resnet-18,2024-11-11T20:51:15.883318,05:38:05,52,57,3,6,3,4,0.32243017723481293,0.006233711,0,0,OFF,OFF,OFF,OFF,OFF,OFF,OFF,18.823529411764707,43.375,-256,-256,-256,43.562,41.468,41.781,43.406,43.562,758,1080,3960,OFF,15W
Resnet-18,2024-11-11T20:51:16.838098,05:38:06,22,16,10,22,11,46,0.3255665049631182,0.006233711,0,90.1,OFF,OFF,OFF,OFF,OFF,OFF,OFF,18.823529411764707,43.562,-256,-256,-256,43.812,41.593,41.812,43.625,43.812,1708,1311,5334,OFF,15W
Resnet-18,2024-11-11T20:51:17.839449,05:38:07,19,12,27,28,29,15,0.3258556335735732,0.006233711,0,20.2,OFF,OFF,OFF,OFF,OFF,OFF,OFF,18.823529411764707,43.687,-256,-256,-256,43.625,41.5,41.906,43.562,43.843,1785,1351,5444,OFF,15W
Resnet-18,2024-11-11T20:51:18.844894,05:38:08,6,10,13,16,8,70,0.32588587929700735,0.006233711,0,12.2,OFF,OFF,OFF,OFF,OFF,OFF,OFF,18.823529411764707,43.593,-256,-256,-256,44.031,41.593,41.937,43.625,44.031,1825,1351,5444,OFF,15W
Resnet-18,2024-11-11T20:51:19.844659,05:38:09,9,10,13,11,72,8,0.3257484919431032,0.006233711,0,88.7,OFF,OFF,OFF,OFF,OFF,OFF,OFF,18.823529411764707,43.562,-256,-256,-256,43.812,41.625,42.187,43.625,43.812,1788,1351,5405,OFF,15W
Resnet-18,2024-11-11T20:51:20.860716,05:38:10,9,12,20,15,25,46,0.3257120945471062,0.006233711,0,79.8,OFF,OFF,OFF,OFF,OFF,OFF,OFF,18.823529411764707,43.812,-256,-256,-256,43.843,41.718,42.062,43.687,43.843,1785,1351,5444,OFF,15W
Resnet-18,2024-11-11T20:51:21.843005,05:38:11,9,8,25,21,12,47,0.3258371785558846,0.006233711,0,76.1,OFF,OFF,OFF,OFF,OFF,OFF,OFF,18.823529411764707,43.843,-256,-256,-256,44.218,41.75,42,43.781,44.218,1788,1351,5453,OFF,15W
Resnet-18,2024-11-11T20:51:22.845402,05:38:12,10,9,13,19,46,29,0.3258356406377439,0.006233711,0,41.8,OFF,OFF,OFF,OFF,OFF,OFF,OFF,18.823529411764707,43.906,-256,-256,-256,43.906,41.75,42.062,43.875,44.031,1785,1351,5444,OFF,15W
Resnet-18,2024-11-11T20:51:23.850988,05:38:13,8,7,9,74,7,11,0.3258018064386481,0.006233711,0,75.6,OFF,OFF,OFF,OFF,OFF,OFF,OFF,18.823529411764707,43.781,-256,-256,-256,43.875,41.781,42.031,43.812,43.875,1788,1351,5413,OFF,15W
Resnet-18,2024-11-11T20:51:24.863931,05:38:14,19,20,11,13,14,54,0.3258018064386481,0.006233711,0,28.3,OFF,OFF,OFF,OFF,OFF,OFF,OFF,18.823529411764707,44,-256,-256,-256,44.062,41.75,42.031,43.875,44.187,1825,1391,5564,OFF,15W
Resnet-18,2024-11-11T20:51:25.845687,05:38:15,32,13,12,12,28,32,0.3257679722395523,0.006233711,0,93.2,OFF,OFF,OFF,OFF,OFF,OFF,OFF,18.823529411764707,43.781,-256,-256,-256,43.937,41.843,42.093,43.843,43.937,1785,1351,5405,OFF,15W
Resnet-18,2024-11-11T20:51:26.845458,05:38:16,9,8,10,26,36,28,0.32582333729261814,0.006233711,0,32.4,OFF,OFF,OFF,OFF,OFF,OFF,OFF,18.823529411764707,43.937,-256,-256,-256,44.031,41.812,42.187,43.875,44.187,1825,1351,5484,OFF,15W
Resnet-18,2024-11-11T20:51:27.864302,05:38:17,11,57,10,8,13,26,0.32588536665762713,0.006233711,0,82.8,OFF,OFF,OFF,OFF,OFF,OFF,OFF,18.823529411764707,43.875,-256,-256,-256,43.968,41.906,42.218,43.937,44.093,1788,1351,5444,OFF,15W
Resnet-18,2024-11-11T20:51:28.865336,05:38:18,26,60,14,12,13,10,0.3258843413788666,0.006233711,0,60.7,OFF,OFF,OFF,OFF,OFF,OFF,OFF,18.823529411764707,43.843,-256,-256,-256,44.062,41.906,42.125,43.937,44.281,1708,1353,5334,OFF,15W
Resnet-18,2024-11-11T20:51:29.857568,05:38:19,47,40,8,12,15,10,0.3258494819010104,0.006233711,0,99.1,OFF,OFF,OFF,OFF,OFF,OFF,OFF,18.823529411764707,43.937,-256,-256,-256,44.156,41.906,42.187,43.937,44.156,1708,1353,5334,OFF,15W
Resnet-18,2024-11-11T20:51:30.846841,05:38:20,12,9,17,7,13,68,0.3258412796709265,0.006233711,0,99.1,OFF,OFF,OFF,OFF,OFF,OFF,OFF,18.823529411764707,44.031,-256,-256,-256,44.156,41.937,42.218,43.968,44.156,1748,1351,5374,OFF,15W
Resnet-18,2024-11-11T20:51:31.855305,05:38:21,11,12,23,43,14,23,0.32574234027054033,0.006233711,0,43.1,OFF,OFF,OFF,OFF,OFF,OFF,OFF,18.823529411764707,44.062,-256,-256,-256,44.218,42,42.375,44.031,44.218,1748,1351,5374,OFF,15W
Resnet-18,2024-11-11T20:51:32.850489,05:38:22,10,13,21,15,56,6,0.3257392644342589,0.006233711,0,79.5,OFF,OFF,OFF,OFF,OFF,OFF,OFF,18.823529411764707,43.968,-256,-256,-256,44.218,41.968,42.25,44.093,44.218,1748,1351,5405,OFF,15W
Resnet-18,2024-11-11T20:51:33.876289,05:38:23,10,12,14,54,20,15,0.3258110339474924,0.006233711,0,63.7,OFF,OFF,OFF,OFF,OFF,OFF,OFF,18.823529411764707,44.031,-256,-256,-256,44.218,42.031,42.281,44,44.218,1748,1351,5405,OFF,15W
Resnet-18,2024-11-11T20:51:34.856878,05:38:24,7,10,10,53,13,29,0.32580129379926787,0.006233711,0,40.8,OFF,OFF,OFF,OFF,OFF,OFF,OFF,18.823529411764707,44.062,-256,-256,-256,44.187,42.125,42.531,44.062,44.187,1788,1351,5405,OFF,15W
Resnet-18,2024-11-11T20:51:35.872301,05:38:25,35,22,12,17,31,10,0.3256680075604056,0.006233711,0,0,OFF,OFF,OFF,OFF,OFF,OFF,OFF,18.823529411764707,44.281,-256,-256,-256,44.125,42,42.531,44.062,44.218,1589,1313,5175,OFF,15W
Resnet-18,2024-11-11T20:51:36.860593,05:38:26,2,5,3,4,2,4,0.3257679722395523,0.006233711,0,0,OFF,OFF,OFF,OFF,OFF,OFF,OFF,18.823529411764707,43.875,-256,-256,-256,44.125,42,42.312,44,44.125,640,1120,3520,OFF,15W
Resnet-18,2024-11-11T20:51:37.884839,05:38:27,0,8,3,5,2,3,0.325623921,0.006233711,0,0,OFF,OFF,OFF,OFF,OFF,OFF,OFF,18.823529411764707,43.875,-256,-256,-256,43.937,42.093,42.468,43.937,43.968,560,1080,3325,OFF,15W
Resnet-18,2024-11-11T20:51:38.896016,05:38:28,2,5,3,6,1,4,0.32574797930372296,0.006233711,0,0,OFF,OFF,OFF,OFF,OFF,OFF,OFF,18.823529411764707,44.062,-256,-256,-256,44.093,42,42.343,43.968,44.062,560,1080,3285,OFF,15W
Resnet-18,2024-11-11T20:51:39.913608,05:38:29,1,4,4,3,4,5,0.32574797930372296,0.006233711,0,0,OFF,OFF,OFF,OFF,OFF,OFF,OFF,18.823529411764707,43.718,-256,-256,-256,43.937,41.937,42.375,43.937,43.937,560,1080,3285,OFF,15W
,,,,,,,,,,,,,,,,,,,,,,,,,,,,,,,,,,
,,,,,,,,,,,,,,,,,,,,,,,,,,,,,,,,,,
,,,,,,,,,,,,,,,,,,,,,,,,,,,,,,,,,,
Resnet-50,2024-11-11T20:53:32.013687,05:40:21,3,3,21,18,12,10,0.3112459238761279,0.006233711,0,0,OFF,OFF,OFF,OFF,OFF,OFF,OFF,18.823529411764707,43.375,-256,-256,-256,43.5,41.218,41.687,43.218,43.375,877,1158,3913,OFF,15W
Resnet-50,2024-11-11T20:53:33.026525,05:40:22,3,2,7,9,11,15,0.3134579628018613,0.006233711,0,0,OFF,OFF,OFF,OFF,OFF,OFF,OFF,18.823529411764707,43,-256,-256,-256,43.156,41.25,41.781,43.156,43.187,640,1080,3400,OFF,15W
Resnet-50,2024-11-11T20:53:34.032472,05:40:23,2,1,5,3,4,6,0.31384551817332235,0.006233711,0,0,OFF,OFF,OFF,OFF,OFF,OFF,OFF,18.823529411764707,42.906,-256,-256,-256,43.375,41.281,41.562,43.187,43.375,560,1041,3285,OFF,15W
Resnet-50,2024-11-11T20:53:35.021507,05:40:24,2,1,5,4,5,13,0.3139747032971427,0.006233711,0,0,OFF,OFF,OFF,OFF,OFF,OFF,OFF,18.823529411764707,43.156,-256,-256,-256,43.093,41.187,41.625,43.25,43.25,600,1080,3365,OFF,15W
Resnet-50,2024-11-11T20:53:36.021451,05:40:25,2,0,3,6,5,3,0.31407159214000796,0.006233711,0,0,OFF,OFF,OFF,OFF,OFF,OFF,OFF,18.823529411764707,43.031,-256,-256,-256,43.187,41.218,41.5,43.093,43.093,560,1080,3325,OFF,15W
Resnet-50,2024-11-11T20:53:36.981898,05:40:26,3,2,12,13,4,67,0.35560563472701184,0.006233711,0,21.6,OFF,OFF,OFF,OFF,OFF,OFF,OFF,18.823529411764707,43.156,-256,-256,-256,43.343,41.218,41.687,43.218,43.343,877,1236,4146,OFF,15W
Resnet-50,2024-11-11T20:53:38.004398,05:40:27,11,3,8,54,5,44,0.3706813336210949,0.006233711,0,86.6,OFF,OFF,OFF,OFF,OFF,OFF,OFF,18.823529411764707,43.468,-256,-256,-256,43.468,41.281,41.718,43.437,43.468,1825,1510,5802,OFF,15W
Resnet-50,2024-11-11T20:53:38.972862,05:40:28,13,7,7,10,79,6,0.37073003436221763,0.006233711,0,40.6,OFF,OFF,OFF,OFF,OFF,OFF,OFF,18.823529411764707,43.718,-256,-256,-256,43.937,41.375,41.593,43.562,43.937,2610,1782,7170,OFF,15W
Resnet-50,2024-11-11T20:53:39.974171,05:40:29,11,5,9,4,53,42,0.3709499566563404,0.006233711,0,46.6,OFF,OFF,OFF,OFF,OFF,OFF,OFF,18.823529411764707,43.656,-256,-256,-256,43.968,41.468,41.656,43.718,43.968,2729,1822,7368,OFF,15W
Resnet-50,2024-11-11T20:53:40.975570,05:40:30,11,5,84,7,7,7,0.371188847,0.006233711,0,99.1,OFF,OFF,OFF,OFF,OFF,OFF,OFF,18.823529411764707,43.937,-256,-256,-256,44.25,41.468,41.718,43.781,44.25,2768,1819,7408,OFF,15W
Resnet-50,2024-11-11T20:53:41.977384,05:40:31,9,8,21,19,69,9,0.3713718588662775,0.006233711,0,37.4,OFF,OFF,OFF,OFF,OFF,OFF,OFF,18.823529411764707,44,-256,-256,-256,44.125,41.593,41.812,43.937,44.125,2961,1858,7633,OFF,15W
Resnet-50,2024-11-11T20:53:42.977166,05:40:32,11,8,28,6,73,8,0.3710381306297416,0.006233711,0,34.1,OFF,OFF,OFF,OFF,OFF,OFF,OFF,18.823529411764707,44.062,-256,-256,-256,44.5,41.75,42.125,43.937,44.5,3001,1858,7673,OFF,15W
Resnet-50,2024-11-11T20:53:43.978199,05:40:33,13,6,70,6,28,16,0.37132674660081644,0.006233711,0,68.2,OFF,OFF,OFF,OFF,OFF,OFF,OFF,18.823529411764707,44.468,-256,-256,-256,44.468,41.75,42.062,44.031,44.468,3040,1858,7752,OFF,15W
Resnet-50,2024-11-11T20:53:44.980017,05:40:34,8,10,13,87,6,6,0.3713575049636308,0.006233711,0,85.2,OFF,OFF,OFF,OFF,OFF,OFF,OFF,18.823529411764707,44.25,-256,-256,-256,44.562,42.031,42.218,44.187,44.562,3001,1858,7685,OFF,15W
Resnet-50,2024-11-11T20:53:45.983245,05:40:35,12,11,56,8,6,43,0.3715174484502655,0.006233711,0,90.6,OFF,OFF,OFF,OFF,OFF,OFF,OFF,18.823529411764707,44.593,-256,-256,-256,44.687,42.093,42.281,44.093,44.843,3001,1858,7685,OFF,15W
Resnet-50,2024-11-11T20:53:46.991822,05:40:36,13,7,7,8,41,57,0.37161126145684936,0.006233711,0,56.6,OFF,OFF,OFF,OFF,OFF,OFF,OFF,18.823529411764707,44.218,-256,-256,-256,44.593,41.968,42.437,44.187,44.875,3040,1858,7712,OFF,15W
Resnet-50,2024-11-11T20:53:47.999723,05:40:37,46,60,10,7,7,7,0.37173942130190923,0.006233711,0,52.1,OFF,OFF,OFF,OFF,OFF,OFF,OFF,18.823529411764707,44.281,-256,-256,-256,44.937,42.062,42.281,44.25,44.937,3001,1858,7673,OFF,15W
Resnet-50,2024-11-11T20:53:49.000141,05:40:38,50,55,9,5,6,5,0.37186399267130743,0.006233711,0,23.2,OFF,OFF,OFF,OFF,OFF,OFF,OFF,18.823529411764707,44.25,-256,-256,-256,44.718,42.125,42.312,44.406,44.718,3001,1858,7673,OFF,15W
Resnet-50,2024-11-11T20:53:49.998953,05:40:39,95,9,6,7,8,8,0.37180606442134034,0.006233711,0,90,OFF,OFF,OFF,OFF,OFF,OFF,OFF,18.823529411764707,44.531,-256,-256,-256,44.906,42.156,42.468,44.437,44.906,3001,1858,7673,OFF,15W
Resnet-50,2024-11-11T20:53:51.000928,05:40:40,39,16,58,8,11,9,0.3717937610762146,0.006233711,0,92.1,OFF,OFF,OFF,OFF,OFF,OFF,OFF,18.823529411764707,44.687,-256,-256,-256,44.875,42.406,42.531,44.625,44.875,2961,1858,7633,OFF,15W
Resnet-50,2024-11-11T20:53:51.998957,05:40:41,73,34,7,6,7,6,0.3718434870960978,0.006233711,0,46.9,OFF,OFF,OFF,OFF,OFF,OFF,OFF,18.823529411764707,44.781,-256,-256,-256,45.093,42.375,42.531,44.593,45.093,3001,1858,7673,OFF,15W
Resnet-50,2024-11-11T20:53:52.988435,05:40:42,9,8,93,8,7,7,0.3719065417398673,0.006233711,0,92.4,OFF,OFF,OFF,OFF,OFF,OFF,OFF,18.823529411764707,44.875,-256,-256,-256,45.031,42.375,42.75,44.593,45.031,3040,1858,7752,OFF,15W
Resnet-50,2024-11-11T20:53:53.990372,05:40:43,5,9,78,13,8,15,0.37197010902301697,0.006233711,0,91.4,OFF,OFF,OFF,OFF,OFF,OFF,OFF,21.568627450980394,44.968,-256,-256,-256,45.125,42.531,42.75,44.75,45.343,3040,1858,7752,OFF,15W
Resnet-50,2024-11-11T20:53:54.991968,05:40:44,6,11,9,9,6,92,0.3719690837442565,0.006233711,0,78.3,OFF,OFF,OFF,OFF,OFF,OFF,OFF,21.568627450980394,45.093,-256,-256,-256,45.406,42.531,42.75,44.812,45.093,3040,1858,7752,OFF,15W
Resnet-50,2024-11-11T20:53:56.008515,05:40:45,7,93,14,7,8,8,0.3719670331867356,0.006233711,0,58.4,OFF,OFF,OFF,OFF,OFF,OFF,OFF,21.568627450980394,44.875,-256,-256,-256,45.156,42.593,42.687,44.843,45.156,3001,1858,7712,OFF,15W
Resnet-50,2024-11-11T20:53:57.006668,05:40:46,79,24,9,8,11,8,0.3719972789101697,0.006233711,0,85.2,OFF,OFF,OFF,OFF,OFF,OFF,OFF,21.568627450980394,44.968,-256,-256,-256,45.312,42.625,42.843,44.906,45.312,3001,1858,7712,OFF,15W
Resnet-50,2024-11-11T20:53:58.006715,05:40:47,36,69,9,9,7,7,0.371995741,0.006233711,0,79.2,OFF,OFF,OFF,OFF,OFF,OFF,OFF,21.568627450980394,45.156,-256,-256,-256,45.687,42.656,43.125,44.906,45.687,3040,1858,7752,OFF,15W
Resnet-50,2024-11-11T20:53:59.013419,05:40:48,5,23,5,4,4,5,0.37199522835264875,0.006233711,0,0,OFF,OFF,OFF,OFF,OFF,OFF,OFF,21.568627450980394,44.843,-256,-256,-256,44.968,42.625,42.875,44.687,44.75,918,1397,4360,OFF,15W
Resnet-50,2024-11-11T20:54:00.019994,05:40:49,1,0,4,3,3,8,0.37179786219125655,0.006233711,0,0,OFF,OFF,OFF,OFF,OFF,OFF,OFF,19.215686274509803,44.343,-256,-256,-256,44.625,42.625,43,44.562,44.843,600,1120,3479,OFF,15W
Resnet-50,2024-11-11T20:54:01.062901,05:40:50,1,0,3,3,3,8,0.3717963242731158,0.006233711,0,0,OFF,OFF,OFF,OFF,OFF,OFF,OFF,19.215686274509803,44.656,-256,-256,-256,44.656,42.562,42.812,44.437,44.437,560,1080,3405,OFF,15W
Resnet-50,2024-11-11T20:54:02.055767,05:40:51,1,2,4,3,4,9,0.3718101655363823,0.006233711,0,0,OFF,OFF,OFF,OFF,OFF,OFF,OFF,19.215686274509803,44.406,-256,-256,-256,44.625,42.562,42.843,44.406,44.625,560,1080,3325,OFF,15W
Resnet-50,2024-11-11T20:54:03.059784,05:40:52,2,0,3,5,5,8,0.3717768439766667,0.006233711,0,0,OFF,OFF,OFF,OFF,OFF,OFF,OFF,19.215686274509803,44.406,-256,-256,-256,44.406,42.531,42.75,44.406,44.406,560,1080,3325,OFF,15W
Resnet-50,2024-11-11T20:54:04.066542,05:40:53,2,0,6,5,8,3,0.3715507700099811,0.006233711,0,0,OFF,OFF,OFF,OFF,OFF,OFF,OFF,19.215686274509803,44.156,-256,-256,-256,44.25,42.5,42.875,44.437,44.468,560,1080,3325,OFF,15W
Resnet-50,2024-11-11T20:54:05.060430,05:40:54,0,1,4,3,9,4,0.3715830662909362,0.006233711,0,0,OFF,OFF,OFF,OFF,OFF,OFF,OFF,19.215686274509803,44.25,-256,-256,-256,44.281,42.468,42.906,44.312,44.437,560,1080,3325,OFF,15W
Resnet-50,2024-11-11T20:54:06.076689,05:40:55,2,0,3,4,8,9,0.37161536257189126,0.006233711,0,0,OFF,OFF,OFF,OFF,OFF,OFF,OFF,19.215686274509803,44.156,-256,-256,-256,44.187,42.406,42.843,44.25,44.343,560,1041,3325,OFF,15W
Resnet-50,2024-11-11T20:54:07.045289,05:40:56,1,0,6,2,4,8,0.3717117387753763,0.006233711,0,0,OFF,OFF,OFF,OFF,OFF,OFF,OFF,19.215686274509803,44.25,-256,-256,-256,44.375,42.312,42.812,44.375,44.437,560,1080,3285,OFF,15W
Resnet-50,2024-11-11T20:54:08.072637,05:40:57,4,4,5,4,6,9,0.37182656999654995,0.006233711,0,0,OFF,OFF,OFF,OFF,OFF,OFF,OFF,19.215686274509803,44.062,-256,-256,-256,44.187,42.343,42.906,44.281,44.281,600,1080,3365,OFF,15W
Resnet-50,2024-11-11T20:54:09.021094,05:40:58,3,37,8,13,6,7,0.3804471138146573,0.006233711,0,0,OFF,OFF,OFF,OFF,OFF,OFF,OFF,19.215686274509803,44.468,-256,-256,-256,44.656,42.312,42.781,44.437,44.468,1035,1234,4179,OFF,15W
Resnet-50,2024-11-11T20:54:10.065205,05:40:59,4,59,7,7,14,14,0.39264434258869557,0.006233711,0,0,OFF,OFF,OFF,OFF,OFF,OFF,OFF,19.215686274509803,44.218,-256,-256,-256,44.562,42.437,42.781,44.375,44.562,877,1196,3993,OFF,15W
Resnet-50,2024-11-11T20:54:11.067030,05:41:00,0,4,2,7,9,18,0.3933758789842973,0.006233711,0,0,OFF,OFF,OFF,OFF,OFF,OFF,OFF,19.215686274509803,44.281,-256,-256,-256,44.5,42.437,42.656,44.343,44.5,640,1120,3520,OFF,15W
Resnet-50,2024-11-11T20:54:12.084269,05:41:01,1,0,4,0,5,8,0.39369371540004583,0.006233711,0,0,OFF,OFF,OFF,OFF,OFF,OFF,OFF,19.215686274509803,44.375,-256,-256,-256,44.5,42.468,42.75,44.218,44.218,560,1081,3325,OFF,15W
Resnet-50,2024-11-11T20:54:13.065274,05:41:02,1,0,5,6,5,7,0.3938223878844859,0.006233711,0,0,OFF,OFF,OFF,OFF,OFF,OFF,OFF,19.215686274509803,44.156,-256,-256,-256,44.5,42.343,42.656,44.312,44.5,560,1041,3285,OFF,15W
Resnet-50,2024-11-11T20:54:14.077859,05:41:03,0,0,2,4,3,10,0.3940474365724111,0.006233711,0,0,OFF,OFF,OFF,OFF,OFF,OFF,OFF,19.215686274509803,44.281,-256,-256,-256,44.531,42.218,42.687,44.281,44.531,560,1081,3325,OFF,15W
Resnet-50,2024-11-11T20:54:15.080932,05:41:04,3,0,4,5,7,8,0.3940474365724111,0.006233711,0,0,OFF,OFF,OFF,OFF,OFF,OFF,OFF,19.215686274509803,44.375,-256,-256,-256,44.312,42.468,42.781,44.156,44.375,560,1080,3325,OFF,15W
Resnet-50,2024-11-11T20:54:16.077410,05:41:05,0,0,4,4,11,6,0.3940474365724111,0.006233711,0,0,OFF,OFF,OFF,OFF,OFF,OFF,OFF,19.215686274509803,44.125,-256,-256,-256,44.125,42.437,42.656,44.281,44.281,560,1080,3325,OFF,15W
,,,,,,,,,,,,,,,,,,,,,,,,,,,,,,,,,,
,,,,,,,,,,,,,,,,,,,,,,,,,,,,,,,,,,
,,,,,,,,,,,,,,,,,,,,,,,,,,,,,,,,,,
Resnext50x32,2024-11-11T20:55:28.153371,05:42:18,5,14,29,17,4,12,0.3487019201933266,0.006233711,0,4.9,OFF,OFF,OFF,OFF,OFF,OFF,OFF,17.254901960784313,43.812,-256,-256,-256,43.906,41.812,42.062,43.625,43.812,917,1196,4066,OFF,15W
Resnext50x32,2024-11-11T20:55:29.163150,05:42:19,3,7,4,4,4,3,0.3487019201933266,0.006233711,0,0,OFF,OFF,OFF,OFF,OFF,OFF,OFF,17.254901960784313,43.468,-256,-256,-256,43.531,41.75,41.968,43.656,43.656,600,1080,3365,OFF,15W
Resnext50x32,2024-11-11T20:55:30.164155,05:42:20,3,6,3,6,4,4,0.3487019201933266,0.006233711,0,0,OFF,OFF,OFF,OFF,OFF,OFF,OFF,17.254901960784313,43.718,-256,-256,-256,43.781,41.656,42.062,43.5,43.781,560,1081,3285,OFF,15W
Resnext50x32,2024-11-11T20:55:31.158480,05:42:21,4,5,4,8,4,3,0.3487019201933266,0.006233711,0,0,OFF,OFF,OFF,OFF,OFF,OFF,OFF,17.254901960784313,43.531,-256,-256,-256,43.531,41.75,41.875,43.625,43.625,560,1080,3325,OFF,15W
Resnext50x32,2024-11-11T20:55:32.097110,05:42:22,9,4,6,45,4,29,0.360758173,0.006233711,0,9.3,OFF,OFF,OFF,OFF,OFF,OFF,OFF,17.254901960784313,43.843,-256,-256,-256,43.781,41.625,42.125,43.593,43.781,917,1196,4153,OFF,15W
Resnext50x32,2024-11-11T20:55:33.119511,05:42:23,5,7,7,6,17,69,0.36944587271471774,0.006233711,0,99.2,OFF,OFF,OFF,OFF,OFF,OFF,OFF,17.254901960784313,43.687,-256,-256,-256,43.937,41.75,42,43.75,44.093,2020,1626,6269,OFF,15W
Resnext50x32,2024-11-11T20:55:34.096699,05:42:24,9,8,68,17,12,14,0.3696063288407327,0.006233711,0,29.3,OFF,OFF,OFF,OFF,OFF,OFF,OFF,20,44.093,-256,-256,-256,44.562,41.812,42.218,44,44.562,2649,1822,7289,OFF,15W
Resnext50x32,2024-11-11T20:55:35.110211,05:42:25,7,12,6,66,26,6,0.3696642570906997,0.006233711,0,55.8,OFF,OFF,OFF,OFF,OFF,OFF,OFF,20,44.25,-256,-256,-256,44.625,42,42.218,44.093,44.625,2729,1858,7447,OFF,15W
Resnext50x32,2024-11-11T20:55:36.107730,05:42:26,10,7,8,7,86,11,0.36982420057733445,0.006233711,0,28.9,OFF,OFF,OFF,OFF,OFF,OFF,OFF,20,44.125,-256,-256,-256,44.875,41.968,42.281,44.187,44.875,2729,1858,7447,OFF,15W
Resnext50x32,2024-11-11T20:55:37.108202,05:42:27,10,9,24,65,11,5,0.3699513351436339,0.006233711,0,88.4,OFF,OFF,OFF,OFF,OFF,OFF,OFF,20,44.406,-256,-256,-256,44.687,42.093,42.375,44.343,44.687,2729,1858,7487,OFF,15W
Resnext50x32,2024-11-11T20:55:38.110014,05:42:28,13,11,9,84,7,7,0.3702409763934692,0.006233711,0,99,OFF,OFF,OFF,OFF,OFF,OFF,OFF,20,44.406,-256,-256,-256,44.718,42.125,42.625,44.312,44.718,2768,1861,7447,OFF,15W
Resnext50x32,2024-11-11T20:55:39.115302,05:42:29,11,8,9,56,5,33,0.37033427676067276,0.006233711,0,48,OFF,OFF,OFF,OFF,OFF,OFF,OFF,20,44.687,-256,-256,-256,44.718,42.25,42.562,44.375,44.687,2729,1858,7447,OFF,15W
Resnext50x32,2024-11-11T20:55:40.108151,05:42:30,11,8,15,5,5,77,0.3704942202473075,0.006233711,0,71.6,OFF,OFF,OFF,OFF,OFF,OFF,OFF,20,44.781,-256,-256,-256,44.75,42.406,42.562,44.5,44.781,2689,1858,7408,OFF,15W
Resnext50x32,2024-11-11T20:55:41.099119,05:42:31,9,9,11,84,6,4,0.37059879868087636,0.006233711,0,42.1,OFF,OFF,OFF,OFF,OFF,OFF,OFF,20,44.625,-256,-256,-256,44.843,42.218,42.625,44.5,44.843,2729,1858,7447,OFF,15W
Resnext50x32,2024-11-11T20:55:42.099551,05:42:32,12,6,7,88,6,7,0.37062238009236737,0.006233711,0,53,OFF,OFF,OFF,OFF,OFF,OFF,OFF,20,44.718,-256,-256,-256,45.031,42.437,42.718,44.656,45.031,2768,1858,7447,OFF,15W
Resnext50x32,2024-11-11T20:55:43.116801,05:42:33,8,7,68,7,22,7,0.37037272471419075,0.006233711,0,75.2,OFF,OFF,OFF,OFF,OFF,OFF,OFF,20,44.687,-256,-256,-256,45.187,42.437,42.656,44.625,45.187,2729,1861,7368,OFF,15W
Resnext50x32,2024-11-11T20:55:44.111225,05:42:34,24,72,8,8,9,8,0.3703358146788135,0.006233711,0,35.8,OFF,OFF,OFF,OFF,OFF,OFF,OFF,20,44.687,-256,-256,-256,45,42.468,42.718,44.625,45,2689,1861,7447,OFF,15W
Resnext50x32,2024-11-11T20:55:45.120324,05:42:35,11,84,6,10,5,6,0.3703942555681608,0.006233711,0,54.3,OFF,OFF,OFF,OFF,OFF,OFF,OFF,20,44.718,-256,-256,-256,45.156,42.5,42.781,44.75,45.156,2729,1861,7447,OFF,15W
Resnext50x32,2024-11-11T20:55:46.120622,05:42:36,36,61,7,11,9,11,0.37051677638003805,0.006233711,0,29.1,OFF,OFF,OFF,OFF,OFF,OFF,OFF,20,44.781,-256,-256,-256,45.156,42.625,42.812,44.843,45.156,2729,1858,7447,OFF,15W
Resnext50x32,2024-11-11T20:55:47.120396,05:42:37,88,9,8,7,9,8,0.3705439462671907,0.006233711,0,99,OFF,OFF,OFF,OFF,OFF,OFF,OFF,20,45.312,-256,-256,-256,45.562,42.625,43.062,44.906,45.562,2729,1861,7487,OFF,15W
Resnext50x32,2024-11-11T20:55:48.121714,05:42:38,70,25,8,9,7,8,0.3705429209884302,0.006233711,0,79.7,OFF,OFF,OFF,OFF,OFF,OFF,OFF,20,45.187,-256,-256,-256,45.406,42.687,43,44.968,45.406,2729,1861,7447,OFF,15W
Resnext50x32,2024-11-11T20:55:49.122132,05:42:39,12,86,7,6,7,7,0.37057367935124463,0.006233711,0,45.5,OFF,OFF,OFF,OFF,OFF,OFF,OFF,20,45.125,-256,-256,-256,45.281,42.937,43.031,45.031,45.281,2729,1861,7447,OFF,15W
Resnext50x32,2024-11-11T20:55:50.124993,05:42:40,9,87,6,7,10,9,0.3703214607761668,0.006233711,0,99.2,OFF,OFF,OFF,OFF,OFF,OFF,OFF,20,45.25,-256,-256,-256,45.531,42.968,43.062,45,45.531,2729,1858,7447,OFF,15W
Resnext50x32,2024-11-11T20:55:51.127379,05:42:41,11,88,7,8,9,8,0.37044449422742426,0.006233711,0,94.3,OFF,OFF,OFF,OFF,OFF,OFF,OFF,20,45.25,-256,-256,-256,45.437,43,43.187,45.093,45.437,2729,1858,7487,OFF,15W
Resnext50x32,2024-11-11T20:55:52.125641,05:42:42,10,88,10,7,8,7,0.3704419310305231,0.006233711,0,40.4,OFF,OFF,OFF,OFF,OFF,OFF,OFF,20,45.156,-256,-256,-256,45.718,42.937,43.218,45.156,45.718,2689,1858,7447,OFF,15W
Resnext50x32,2024-11-11T20:55:53.126517,05:42:43,10,87,7,6,9,7,0.3704409057517626,0.006233711,0,63.7,OFF,OFF,OFF,OFF,OFF,OFF,OFF,20,45.156,-256,-256,-256,45.531,43,43.156,45.218,45.531,2729,1858,7487,OFF,15W
Resnext50x32,2024-11-11T20:55:54.127666,05:42:44,59,40,9,4,8,7,0.37043936783362186,0.006233711,0,99,OFF,OFF,OFF,OFF,OFF,OFF,OFF,20,45.093,-256,-256,-256,45.593,43.093,43.312,45.281,45.593,2570,1822,7170,OFF,15W
Resnext50x32,2024-11-11T20:55:55.138244,05:42:45,1,4,0,2,4,4,0.3704706388358165,0.006233711,0,0,OFF,OFF,OFF,OFF,OFF,OFF,OFF,20,44.937,-256,-256,-256,45.25,42.968,43.218,44.937,45.25,760,1320,4000,OFF,15W
Resnext50x32,2024-11-11T20:55:56.134839,05:42:46,0,5,5,2,3,8,0.37021944553949915,0.006233711,0,0,OFF,OFF,OFF,OFF,OFF,OFF,OFF,20,44.656,-256,-256,-256,44.843,42.937,43.156,44.843,44.843,560,1120,3445,OFF,15W
Resnext50x32,2024-11-11T20:55:57.168568,05:42:47,0,7,4,2,6,2,0.37021944553949915,0.006233711,0,0,OFF,OFF,OFF,OFF,OFF,OFF,OFF,20,44.687,-256,-256,-256,45.062,42.906,43.218,44.875,45.062,560,1080,3365,OFF,15W
Resnext50x32,2024-11-11T20:55:58.158932,05:42:48,6,0,2,5,5,2,0.37021842026073865,0.006233711,0,0,OFF,OFF,OFF,OFF,OFF,OFF,OFF,20,44.656,-256,-256,-256,44.875,42.906,43.156,44.812,44.937,560,1080,3325,OFF,15W
Resnext50x32,2024-11-11T20:55:59.178417,05:42:49,6,0,4,1,5,3,0.37021842026073865,0.006233711,0,0,OFF,OFF,OFF,OFF,OFF,OFF,OFF,20,44.687,-256,-256,-256,45,42.781,43.156,44.718,45,560,1080,3325,OFF,15W
Resnext50x32,2024-11-11T20:56:00.160202,05:42:50,6,2,2,4,6,4,0.37021739498197814,0.006233711,0,0,OFF,OFF,OFF,OFF,OFF,OFF,OFF,20,44.625,-256,-256,-256,44.812,42.781,43.156,44.625,44.812,560,1080,3325,OFF,15W
Resnext50x32,2024-11-11T20:56:01.172157,05:42:51,7,1,2,3,6,3,0.37021739498197814,0.006233711,0,0,OFF,OFF,OFF,OFF,OFF,OFF,OFF,20,44.843,-256,-256,-256,44.718,42.781,43.218,44.75,44.75,560,1080,3325,OFF,15W
Resnext50x32,2024-11-11T20:56:02.170031,05:42:52,6,2,2,2,4,3,0.37021739498197814,0.006233711,0,0,OFF,OFF,OFF,OFF,OFF,OFF,OFF,20,44.593,-256,-256,-256,44.812,42.75,43.25,44.625,44.812,560,1080,3325,OFF,15W
Resnext50x32,2024-11-11T20:56:03.175905,05:42:53,5,2,2,4,6,3,0.37021739498197814,0.006233711,0,0,OFF,OFF,OFF,OFF,OFF,OFF,OFF,20,44.937,-256,-256,-256,44.531,42.718,43.156,44.75,44.937,560,1080,3285,OFF,15W
Resnext50x32,2024-11-11T20:56:04.192325,05:42:54,3,5,2,2,4,4,0.3702168823425979,0.006233711,0,0,OFF,OFF,OFF,OFF,OFF,OFF,OFF,20,44.75,-256,-256,-256,44.531,42.937,43.187,44.718,44.718,560,1080,3325,OFF,15W
Resnext50x32,2024-11-11T20:56:05.170676,05:42:55,2,6,2,3,4,5,0.3702158570638374,0.006233711,0,0,OFF,OFF,OFF,OFF,OFF,OFF,OFF,20,44.437,-256,-256,-256,44.562,42.812,43.156,44.625,44.625,560,1080,3325,OFF,15W
Resnext50x32,2024-11-11T20:56:06.186112,05:42:56,2,5,3,10,3,5,0.3702158570638374,0.006233711,0,0,OFF,OFF,OFF,OFF,OFF,OFF,OFF,20,44.687,-256,-256,-256,44.75,42.75,43.062,44.625,44.75,560,1080,3325,OFF,15W
Resnext50x32,2024-11-11T20:56:07.141238,05:42:57,5,35,4,4,4,4,0.3824228259861003,0.006233711,0,0,OFF,OFF,OFF,OFF,OFF,OFF,OFF,20,44.781,-256,-256,-256,44.437,42.718,43.062,44.656,44.781,915,1196,4027,OFF,15W
Resnext50x32,2024-11-11T20:56:08.187909,05:42:58,8,57,6,5,5,8,0.39495737147233617,0.006233711,0,0,OFF,OFF,OFF,OFF,OFF,OFF,OFF,20,44.5,-256,-256,-256,44.843,42.843,43.125,44.593,44.843,758,1158,3753,OFF,15W
Resnext50x32,2024-11-11T20:56:09.196277,05:42:59,6,0,5,3,4,2,0.39495737147233617,0.006233711,0,0,OFF,OFF,OFF,OFF,OFF,OFF,OFF,20,44.656,-256,-256,-256,44.812,42.75,43.093,44.687,44.687,560,1080,3325,OFF,15W
Resnext50x32,2024-11-11T20:56:10.184998,05:43:00,5,0,4,3,4,12,0.39495685883295595,0.006233711,0,0,OFF,OFF,OFF,OFF,OFF,OFF,OFF,20,44.468,-256,-256,-256,44.843,42.656,42.875,44.593,44.843,600,1080,3365,OFF,15W
Resnext50x32,2024-11-11T20:56:11.208764,05:43:01,5,0,2,2,3,5,0.39495685883295595,0.006233711,0,0,OFF,OFF,OFF,OFF,OFF,OFF,OFF,20,44.375,-256,-256,-256,44.531,42.593,43,44.562,44.562,560,1080,3325,OFF,15W
Resnext50x32,2024-11-11T20:56:12.197046,05:43:02,5,0,3,4,3,7,0.39495685883295595,0.006233711,0,0,OFF,OFF,OFF,OFF,OFF,OFF,OFF,20,44.375,-256,-256,-256,44.437,42.5,43.187,44.468,44.5,560,1080,3325,OFF,15W
Resnext50x32,2024-11-11T20:56:13.206748,05:43:03,2,5,3,3,4,5,0.39495583355419545,0.006233711,0,0,OFF,OFF,OFF,OFF,OFF,OFF,OFF,20,44.281,-256,-256,-256,44.5,42.468,43.125,44.468,44.5,560,1080,3325,OFF,15W
Resnext50x32,2024-11-11T20:56:14.191783,05:43:04,0,6,7,2,3,6,0.39495583355419545,0.006233711,0,0,OFF,OFF,OFF,OFF,OFF,OFF,OFF,20,44.531,-256,-256,-256,44.343,42.562,43,44.5,44.531,560,1080,3285,OFF,15W
,,,,,,,,,,,,,,,,,,,,,,,,,,,,,,,,,,
,,,,,,,,,,,,,,,,,,,,,,,,,,,,,,,,,,
,,,,,,,,,,,,,,,,,,,,,,,,,,,,,,,,,,
Squeezenet,2024-11-11T20:57:42.280491,05:44:32,1,1,15,21,6,7,0.3407678005053599,0.006233711,0,0,OFF,OFF,OFF,OFF,OFF,OFF,OFF,17.254901960784313,43.656,-256,-256,-256,43.468,41.562,41.906,43.593,43.625,838,1158,3873,OFF,15W
Squeezenet,2024-11-11T20:57:43.307920,05:44:33,9,6,10,6,12,6,0.3396076975878779,0.006233711,0,0,OFF,OFF,OFF,OFF,OFF,OFF,OFF,17.254901960784313,43.437,-256,-256,-256,43.468,41.593,41.937,43.593,43.625,640,1080,3439,OFF,15W
Squeezenet,2024-11-11T20:57:44.288544,05:44:34,2,0,4,4,8,10,0.33979634887980603,0.006233711,0,0,OFF,OFF,OFF,OFF,OFF,OFF,OFF,17.254901960784313,43.531,-256,-256,-256,43.656,41.562,42,43.5,43.656,600,1080,3365,OFF,15W
Squeezenet,2024-11-11T20:57:45.292091,05:44:35,2,0,3,3,10,4,0.3398281325213809,0.006233711,0,0,OFF,OFF,OFF,OFF,OFF,OFF,OFF,17.254901960784313,43.406,-256,-256,-256,43.437,41.562,41.937,43.625,43.625,600,1080,3365,OFF,15W
Squeezenet,2024-11-11T20:57:46.245917,05:44:36,41,46,5,7,14,10,0.3681970831844543,0.006233711,0,19.6,OFF,OFF,OFF,OFF,OFF,OFF,OFF,17.254901960784313,43.718,-256,-256,-256,43.562,41.531,41.937,43.625,43.75,1152,1311,4577,OFF,15W
Squeezenet,2024-11-11T20:57:47.237120,05:44:37,9,10,15,62,8,43,0.3685185080758645,0.006233711,0,40.4,OFF,OFF,OFF,OFF,OFF,OFF,OFF,17.254901960784313,43.906,-256,-256,-256,43.875,41.781,41.968,43.75,43.968,1703,1468,5396,OFF,15W
Squeezenet,2024-11-11T20:57:48.246549,05:44:38,9,10,41,13,9,67,0.36864513000278365,0.006233711,0,40,OFF,OFF,OFF,OFF,OFF,OFF,OFF,20,43.937,-256,-256,-256,43.968,41.843,42.062,43.875,43.968,1743,1505,5515,OFF,15W
Squeezenet,2024-11-11T20:57:49.241618,05:44:39,11,11,15,15,61,47,0.36873996828812794,0.006233711,0,40.4,OFF,OFF,OFF,OFF,OFF,OFF,OFF,20,43.968,-256,-256,-256,44.125,41.687,42.062,43.875,44.125,1743,1505,5515,OFF,15W
Squeezenet,2024-11-11T20:57:50.255100,05:44:40,78,24,18,14,13,16,0.3689952626994872,0.006233711,0,40.4,OFF,OFF,OFF,OFF,OFF,OFF,OFF,20,44.156,-256,-256,-256,44.156,41.937,42.281,43.937,44.156,1703,1505,5475,OFF,15W
Squeezenet,2024-11-11T20:57:51.254175,05:44:41,39,73,18,17,14,16,0.3690255084229213,0.006233711,0,36.5,OFF,OFF,OFF,OFF,OFF,OFF,OFF,20,44.406,-256,-256,-256,44.031,41.906,42.312,43.968,44.406,1703,1507,5475,OFF,15W
Squeezenet,2024-11-11T20:57:52.254166,05:44:42,55,56,15,14,17,14,0.3690880504273106,0.006233711,0,40.5,OFF,OFF,OFF,OFF,OFF,OFF,OFF,20,44.125,-256,-256,-256,44.031,41.906,42.187,43.937,44.343,1703,1505,5475,OFF,15W
Squeezenet,2024-11-11T20:57:53.260099,05:44:43,75,38,14,14,13,15,0.36911778351136443,0.006233711,0,40.3,OFF,OFF,OFF,OFF,OFF,OFF,OFF,20,44.156,-256,-256,-256,44.062,41.875,42.312,43.968,44.156,1703,1465,5436,OFF,15W
Squeezenet,2024-11-11T20:57:54.257721,05:44:44,20,95,19,20,22,11,0.3691751991219513,0.006233711,0,40.4,OFF,OFF,OFF,OFF,OFF,OFF,OFF,20,44.031,-256,-256,-256,44.375,41.968,42.25,43.968,44.375,1703,1465,5436,OFF,15W
Squeezenet,2024-11-11T20:57:55.260008,05:44:45,16,95,14,13,12,13,0.3693612872169782,0.006233711,0,39.6,OFF,OFF,OFF,OFF,OFF,OFF,OFF,20,44.093,-256,-256,-256,43.968,41.812,42.437,44,44.093,1743,1505,5515,OFF,15W
Squeezenet,2024-11-11T20:57:56.259846,05:44:46,12,97,13,15,12,13,0.3693894823828914,0.006233711,0,40.4,OFF,OFF,OFF,OFF,OFF,OFF,OFF,20,44.187,-256,-256,-256,44.187,41.875,42.437,44.125,44.187,1703,1505,5475,OFF,15W
Squeezenet,2024-11-11T20:57:57.267946,05:44:47,15,98,12,14,12,11,0.36952174334299315,0.006233711,0,50.9,OFF,OFF,OFF,OFF,OFF,OFF,OFF,20,44.531,-256,-256,-256,44.125,41.968,42.531,44.093,44.218,1743,1505,5475,OFF,15W
Squeezenet,2024-11-11T20:57:58.275137,05:44:48,11,5,13,7,6,28,0.36970167976545726,0.006233711,0,0,OFF,OFF,OFF,OFF,OFF,OFF,OFF,20,43.843,-256,-256,-256,43.968,42,42.375,43.937,43.968,798,1198,3833,OFF,15W
Squeezenet,2024-11-11T20:57:59.310720,05:44:49,5,1,0,3,5,3,0.3695396857213015,0.006233711,0,0,OFF,OFF,OFF,OFF,OFF,OFF,OFF,20,44,-256,-256,-256,43.781,41.968,42.406,43.968,44,600,1080,3365,OFF,15W
Squeezenet,2024-11-11T20:58:00.297715,05:44:50,7,0,4,3,5,5,0.3696360619247866,0.006233711,0,0,OFF,OFF,OFF,OFF,OFF,OFF,OFF,20,44,-256,-256,-256,43.718,41.906,42.281,43.875,44,560,1080,3325,OFF,15W
Squeezenet,2024-11-11T20:58:01.297284,05:44:51,3,0,4,3,3,5,0.3696683582057417,0.006233711,0,0,OFF,OFF,OFF,OFF,OFF,OFF,OFF,20,43.718,-256,-256,-256,43.781,42,42.281,43.812,43.812,560,1080,3285,OFF,15W
Squeezenet,2024-11-11T20:58:02.311650,05:44:52,5,1,3,2,3,6,0.3696683582057417,0.006233711,0,0,OFF,OFF,OFF,OFF,OFF,OFF,OFF,20,43.593,-256,-256,-256,43.875,41.875,42.343,43.843,43.906,560,1080,3325,OFF,15W
Squeezenet,2024-11-11T20:58:03.309128,05:44:53,5,0,4,5,3,4,0.3696447767942507,0.006233711,0,0,OFF,OFF,OFF,OFF,OFF,OFF,OFF,20,43.593,-256,-256,-256,43.687,41.875,42.156,43.843,43.843,560,1080,3325,OFF,15W
Squeezenet,2024-11-11T20:58:04.312762,05:44:54,7,1,6,19,5,5,0.3698180489047716,0.006233711,0,34.3,OFF,OFF,OFF,OFF,OFF,OFF,OFF,20,43.562,-256,-256,-256,43.75,41.718,42.156,43.875,43.937,680,1080,3560,OFF,15W
Squeezenet,2024-11-11T20:58:05.317510,05:44:55,6,0,2,5,5,4,0.3698175362653914,0.006233711,0,0,OFF,OFF,OFF,OFF,OFF,OFF,OFF,20,43.562,-256,-256,-256,43.718,41.781,42.156,43.843,43.906,560,1080,3325,OFF,15W
Squeezenet,2024-11-11T20:58:06.317209,05:44:56,7,0,4,3,9,3,0.3699133998294961,0.006233711,0,0,OFF,OFF,OFF,OFF,OFF,OFF,OFF,20,43.468,-256,-256,-256,44,41.781,42.343,43.781,44,560,1080,3285,OFF,15W
Squeezenet,2024-11-11T20:58:07.309306,05:44:57,12,0,2,6,2,5,0.36994569611045125,0.006233711,0,0,OFF,OFF,OFF,OFF,OFF,OFF,OFF,20,43.843,-256,-256,-256,43.781,41.906,42.218,43.718,43.843,560,1081,3285,OFF,15W
Squeezenet,2024-11-11T20:58:08.320898,05:44:58,6,2,5,6,2,4,0.3698805909091608,0.006233711,0,0,OFF,OFF,OFF,OFF,OFF,OFF,OFF,17.254901960784313,43.718,-256,-256,-256,43.562,41.812,42.218,43.75,43.75,560,1080,3285,OFF,15W
Squeezenet,2024-11-11T20:58:09.313608,05:44:59,6,0,5,3,4,2,0.3701712574377566,0.006233711,0,0,OFF,OFF,OFF,OFF,OFF,OFF,OFF,17.254901960784313,43.718,-256,-256,-256,43.656,41.781,42.062,43.656,43.75,560,1081,3285,OFF,15W
Squeezenet,2024-11-11T20:58:10.315091,05:45:00,6,0,4,11,5,5,0.37017023215899614,0.006233711,0,0,OFF,OFF,OFF,OFF,OFF,OFF,OFF,19.607843137254903,43.593,-256,-256,-256,43.718,41.812,42.125,43.687,43.718,600,1080,3325,OFF,15W
Squeezenet,2024-11-11T20:58:11.309622,05:45:01,4,2,5,4,3,5,0.37010564,0.006233711,0,0,OFF,OFF,OFF,OFF,OFF,OFF,OFF,19.607843137254903,43.5,-256,-256,-256,43.593,41.781,42.125,43.593,43.593,560,1080,3325,OFF,15W
